{
    "avg_accuracy": 0.70880,
    "confusion_mat": [
        [
            855049.00000,
            110828.00000,
            53714.00000,
            24670.00000,
            2680.00000,
            50123.00000,
            1071.00000
        ],
        [
            33400.00000,
            9230967.00000,
            281709.00000,
            229575.00000,
            21082.00000,
            145239.00000,
            5160.00000
        ],
        [
            19873.00000,
            1058668.00000,
            232157.00000,
            610124.00000,
            2467.00000,
            142803.00000,
            553.00000
        ],
        [
            322.00000,
            113078.00000,
            62436.00000,
            243200.00000,
            818.00000,
            21367.00000,
            17.00000
        ],
        [
            819.00000,
            6047.00000,
            6415.00000,
            2106.00000,
            306.00000,
            1037.00000,
            44.00000
        ],
        [
            286591.00000,
            766013.00000,
            442434.00000,
            125954.00000,
            22069.00000,
            773854.00000,
            5692.00000
        ],
        [
            0.00000,
            0.00000,
            0.00000,
            0.00000,
            0.00000,
            0.00000,
            0.00000
        ]
    ],
    "f1": [
        0.74540,
        0.86950,
        0.14761,
        0.29006,
        0.00925,
        0.43511,
        0.00000
    ],
    "label_names": [
        "Urban",
        "Agriculture",
        "Rangeland",
        "Forest",
        "Water",
        "Barren",
        "Unknown"
    ],
    "precision": [
        0.71489,
        0.81794,
        0.21519,
        0.19682,
        0.00619,
        0.68216,
        0.00000
    ],
    "recall": [
        0.77864,
        0.92800,
        0.11234,
        0.55118,
        0.01824,
        0.31943,
        0.00000
    ],
    "support": [
        1098135.00000,
        9947132.00000,
        2066645.00000,
        441238.00000,
        16774.00000,
        2422607.00000,
        0.00000
    ]
}