{
    "avg_accuracy": 0.63288,
    "confusion_mat": [
        [
            15360925.00000,
            10372711.00000,
            1621983.00000,
            7344956.00000,
            131946.00000,
            3774311.00000,
            25.00000
        ],
        [
            4753391.00000,
            152468466.00000,
            5648761.00000,
            16727800.00000,
            6022871.00000,
            4990250.00000,
            30.00000
        ],
        [
            2511590.00000,
            15100763.00000,
            1570033.00000,
            5012752.00000,
            265113.00000,
            2036483.00000,
            10.00000
        ],
        [
            796627.00000,
            11781190.00000,
            1946667.00000,
            35475732.00000,
            2077272.00000,
            468905.00000,
            20.00000
        ],
        [
            1063090.00000,
            3581390.00000,
            439633.00000,
            673742.00000,
            4676778.00000,
            1118602.00000,
            798.00000
        ],
        [
            2683286.00000,
            9481935.00000,
            838563.00000,
            1496848.00000,
            54146.00000,
            5619226.00000,
            11.00000
        ],
        [
            0.00000,
            0.00000,
            0.00000,
            0.00000,
            0.00000,
            0.00000,
            0.00000
        ]
    ],
    "f1": [
        0.46707,
        0.77514,
        0.08143,
        0.59484,
        0.37743,
        0.29434,
        0.00000
    ],
    "label_names": [
        "Urban",
        "Agriculture",
        "Rangeland",
        "Forest",
        "Water",
        "Barren",
        "Unknown"
    ],
    "precision": [
        0.56539,
        0.75187,
        0.13012,
        0.53162,
        0.35355,
        0.31204,
        0.00000
    ],
    "recall": [
        0.39788,
        0.79989,
        0.05925,
        0.67513,
        0.40477,
        0.27854,
        0.00000
    ],
    "support": [
        38606857.00000,
        190611569.00000,
        26496744.00000,
        52546413.00000,
        11554033.00000,
        20174015.00000,
        0.00000
    ]
}